Country Name,Country Code,Indicator Name,Indicator Code,2005,2006,2007,2008,2009,2010,2011,2012,2013,2014,2015,2016,2017,2018,2019,2020,2021
Aruba,ABW,CPIA gender equality rating (1=low to 6=high),IQ.CPA.GNDR.XQ,,,,,,,,,,,,,,,,,
Africa Eastern and Southern,AFE,CPIA gender equality rating (1=low to 6=high),IQ.CPA.GNDR.XQ,3.25,3.25,3.277777778,3.25,3.25,3.333333333,3.305555556,3.236842105,3.236842105,3.305555556,3.361111111,3.277777778,3.184210526,3.305555556,3.236842105,3.236842105,3.210526316
Afghanistan,AFG,CPIA gender equality rating (1=low to 6=high),IQ.CPA.GNDR.XQ,,2,2,2,2,2,2,2,1.5,1.5,1.5,1.5,1.5,1.5,1.5,1.5,
Africa Western and Central,AFW,CPIA gender equality rating (1=low to 6=high),IQ.CPA.GNDR.XQ,3.236842105,3.184210526,3.210526316,3.210526316,3.175,3.175,3.175,3.15,3.175,3.175,3.075,3.075,3.075,3.075,3.1,3.15,3.175
Angola,AGO,CPIA gender equality rating (1=low to 6=high),IQ.CPA.GNDR.XQ,3,3,3,3,3.5,3.5,3.5,3,3,,,,,,,,
Albania,ALB,CPIA gender equality rating (1=low to 6=high),IQ.CPA.GNDR.XQ,4,4,,,,,,,,,,,,,,,
Andorra,AND,CPIA gender equality rating (1=low to 6=high),IQ.CPA.GNDR.XQ,,,,,,,,,,,,,,,,,
Arab World,ARB,CPIA gender equality rating (1=low to 6=high),IQ.CPA.GNDR.XQ,2.8,2.8,2.7,2.7,2.8,2.9,2.8,2.8,2.8,2.8,2.7,2.7,2.583333333,2.7,2.583333333,2.666666667,2.666666667
United Arab Emirates,ARE,CPIA gender equality rating (1=low to 6=high),IQ.CPA.GNDR.XQ,,,,,,,,,,,,,,,,,
Argentina,ARG,CPIA gender equality rating (1=low to 6=high),IQ.CPA.GNDR.XQ,,,,,,,,,,,,,,,,,
Armenia,ARM,CPIA gender equality rating (1=low to 6=high),IQ.CPA.GNDR.XQ,4.5,4.5,4.5,4.5,4.5,4.5,4,4.5,4.5,,,,,,,,
American Samoa,ASM,CPIA gender equality rating (1=low to 6=high),IQ.CPA.GNDR.XQ,,,,,,,,,,,,,,,,,
Antigua and Barbuda,ATG,CPIA gender equality rating (1=low to 6=high),IQ.CPA.GNDR.XQ,,,,,,,,,,,,,,,,,
Australia,AUS,CPIA gender equality rating (1=low to 6=high),IQ.CPA.GNDR.XQ,,,,,,,,,,,,,,,,,
Austria,AUT,CPIA gender equality rating (1=low to 6=high),IQ.CPA.GNDR.XQ,,,,,,,,,,,,,,,,,
Azerbaijan,AZE,CPIA gender equality rating (1=low to 6=high),IQ.CPA.GNDR.XQ,4,4,4,4,4,4,,,,,,,,,,,
Burundi,BDI,CPIA gender equality rating (1=low to 6=high),IQ.CPA.GNDR.XQ,3.5,3.5,4,4,4,4,4,4,4,4,4,4,4,4,4,4,4
Belgium,BEL,CPIA gender equality rating (1=low to 6=high),IQ.CPA.GNDR.XQ,,,,,,,,,,,,,,,,,
Benin,BEN,CPIA gender equality rating (1=low to 6=high),IQ.CPA.GNDR.XQ,3,3,3.5,3.5,3.5,3.5,3.5,3.5,3.5,3.5,3.5,3.5,3.5,3.5,3.5,3.5,3.5
Burkina Faso,BFA,CPIA gender equality rating (1=low to 6=high),IQ.CPA.GNDR.XQ,3.5,3.5,3.5,3.5,3.5,3.5,3.5,3.5,3.5,3.5,3.5,3.5,3.5,3.5,3.5,3.5,3.5
Bangladesh,BGD,CPIA gender equality rating (1=low to 6=high),IQ.CPA.GNDR.XQ,4,4,4,4,4,4,3.5,3.5,3.5,3.5,3.5,3.5,3,3,3,3,3
Bulgaria,BGR,CPIA gender equality rating (1=low to 6=high),IQ.CPA.GNDR.XQ,,,,,,,,,,,,,,,,,
Bahrain,BHR,CPIA gender equality rating (1=low to 6=high),IQ.CPA.GNDR.XQ,,,,,,,,,,,,,,,,,
"Bahamas, The",BHS,CPIA gender equality rating (1=low to 6=high),IQ.CPA.GNDR.XQ,,,,,,,,,,,,,,,,,
Bosnia and Herzegovina,BIH,CPIA gender equality rating (1=low to 6=high),IQ.CPA.GNDR.XQ,4,4.5,4.5,4.5,4.5,4.5,4,4,4,,,,,,,,
Belarus,BLR,CPIA gender equality rating (1=low to 6=high),IQ.CPA.GNDR.XQ,,,,,,,,,,,,,,,,,
Belize,BLZ,CPIA gender equality rating (1=low to 6=high),IQ.CPA.GNDR.XQ,,,,,,,,,,,,,,,,,
Bermuda,BMU,CPIA gender equality rating (1=low to 6=high),IQ.CPA.GNDR.XQ,,,,,,,,,,,,,,,,,
Bolivia,BOL,CPIA gender equality rating (1=low to 6=high),IQ.CPA.GNDR.XQ,3.5,4,4,4,4,4,4,4,4,4,4,,,,,,
Brazil,BRA,CPIA gender equality rating (1=low to 6=high),IQ.CPA.GNDR.XQ,,,,,,,,,,,,,,,,,
Barbados,BRB,CPIA gender equality rating (1=low to 6=high),IQ.CPA.GNDR.XQ,,,,,,,,,,,,,,,,,
Brunei Darussalam,BRN,CPIA gender equality rating (1=low to 6=high),IQ.CPA.GNDR.XQ,,,,,,,,,,,,,,,,,
Bhutan,BTN,CPIA gender equality rating (1=low to 6=high),IQ.CPA.GNDR.XQ,4.5,4,4,4,4,4,4,4,4,4,4,4,4,4,4,4,4
Botswana,BWA,CPIA gender equality rating (1=low to 6=high),IQ.CPA.GNDR.XQ,,,,,,,,,,,,,,,,,
Central African Republic,CAF,CPIA gender equality rating (1=low to 6=high),IQ.CPA.GNDR.XQ,2.5,2.5,2.5,2.5,2.5,2.5,2.5,2.5,2.5,2.5,2.5,2.5,2.5,2.5,2.5,2.5,2.5
Canada,CAN,CPIA gender equality rating (1=low to 6=high),IQ.CPA.GNDR.XQ,,,,,,,,,,,,,,,,,
Central Europe and the Baltics,CEB,CPIA gender equality rating (1=low to 6=high),IQ.CPA.GNDR.XQ,,,,,,,,,,,,,,,,,
Switzerland,CHE,CPIA gender equality rating (1=low to 6=high),IQ.CPA.GNDR.XQ,,,,,,,,,,,,,,,,,
Channel Islands,CHI,CPIA gender equality rating (1=low to 6=high),IQ.CPA.GNDR.XQ,,,,,,,,,,,,,,,,,
Chile,CHL,CPIA gender equality rating (1=low to 6=high),IQ.CPA.GNDR.XQ,,,,,,,,,,,,,,,,,
China,CHN,CPIA gender equality rating (1=low to 6=high),IQ.CPA.GNDR.XQ,,,,,,,,,,,,,,,,,
Cote d'Ivoire,CIV,CPIA gender equality rating (1=low to 6=high),IQ.CPA.GNDR.XQ,2.5,2.5,2.5,2.5,2.5,2.5,2.5,2.5,3,3,3,3,3,3,3,3,3.5
Cameroon,CMR,CPIA gender equality rating (1=low to 6=high),IQ.CPA.GNDR.XQ,3.5,3.5,3,3,3,3,3,3,3,3,3,3,3,3,3,3,3
"Congo, Dem. Rep.",COD,CPIA gender equality rating (1=low to 6=high),IQ.CPA.GNDR.XQ,3,3,3,3,2.5,2.5,2.5,2.5,2.5,2.5,2.5,2.5,2.5,3,3,3,3
"Congo, Rep.",COG,CPIA gender equality rating (1=low to 6=high),IQ.CPA.GNDR.XQ,3,3,3,3,3,3,3,3,3,3,3,3,3,3,3,3,3
Colombia,COL,CPIA gender equality rating (1=low to 6=high),IQ.CPA.GNDR.XQ,,,,,,,,,,,,,,,,,
Comoros,COM,CPIA gender equality rating (1=low to 6=high),IQ.CPA.GNDR.XQ,3,3,3,3,3,3,2.5,2.5,2.5,2.5,3,3,3,3,3,3,3
Cabo Verde,CPV,CPIA gender equality rating (1=low to 6=high),IQ.CPA.GNDR.XQ,4.5,4.5,4.5,4.5,4.5,4.5,4.5,4.5,4.5,4.5,4,4,4,4,4,4,4
Costa Rica,CRI,CPIA gender equality rating (1=low to 6=high),IQ.CPA.GNDR.XQ,,,,,,,,,,,,,,,,,
Caribbean small states,CSS,CPIA gender equality rating (1=low to 6=high),IQ.CPA.GNDR.XQ,4.3,4.3,4,4,3.9,3.7,3.7,3.5,3.5,3.4,3.4,3.3,3.4,3.4,3.4,3.4,3.4
Cuba,CUB,CPIA gender equality rating (1=low to 6=high),IQ.CPA.GNDR.XQ,,,,,,,,,,,,,,,,,
Curacao,CUW,CPIA gender equality rating (1=low to 6=high),IQ.CPA.GNDR.XQ,,,,,,,,,,,,,,,,,
Cayman Islands,CYM,CPIA gender equality rating (1=low to 6=high),IQ.CPA.GNDR.XQ,,,,,,,,,,,,,,,,,
Cyprus,CYP,CPIA gender equality rating (1=low to 6=high),IQ.CPA.GNDR.XQ,,,,,,,,,,,,,,,,,
Czechia,CZE,CPIA gender equality rating (1=low to 6=high),IQ.CPA.GNDR.XQ,,,,,,,,,,,,,,,,,
Germany,DEU,CPIA gender equality rating (1=low to 6=high),IQ.CPA.GNDR.XQ,,,,,,,,,,,,,,,,,
Djibouti,DJI,CPIA gender equality rating (1=low to 6=high),IQ.CPA.GNDR.XQ,3,3,2.5,2.5,3,3,3,3,3,3,3,3,3,3,3,3.5,3.5
Dominica,DMA,CPIA gender equality rating (1=low to 6=high),IQ.CPA.GNDR.XQ,4.5,4,3.5,3.5,3.5,3,3.5,3,3,3,3,3,3,3,3,3,3
Denmark,DNK,CPIA gender equality rating (1=low to 6=high),IQ.CPA.GNDR.XQ,,,,,,,,,,,,,,,,,
Dominican Republic,DOM,CPIA gender equality rating (1=low to 6=high),IQ.CPA.GNDR.XQ,,,,,,,,,,,,,,,,,
Algeria,DZA,CPIA gender equality rating (1=low to 6=high),IQ.CPA.GNDR.XQ,,,,,,,,,,,,,,,,,
East Asia & Pacific (excluding high income),EAP,CPIA gender equality rating (1=low to 6=high),IQ.CPA.GNDR.XQ,3.318181818,3.333333333,3.363636364,3.363636364,3.363636364,3.363636364,3.307692308,3.285714286,3.3,3.3,3.3,3.25,3.25,3.25,3.321428571,3.357142857,3.285714286
Early-demographic dividend,EAR,CPIA gender equality rating (1=low to 6=high),IQ.CPA.GNDR.XQ,3.416666667,3.45,3.431034483,3.448275862,3.465517241,3.482758621,3.45,3.466666667,3.451612903,3.466666667,3.45,3.413793103,3.396551724,3.396551724,3.431034483,3.482758621,3.431034483
East Asia & Pacific,EAS,CPIA gender equality rating (1=low to 6=high),IQ.CPA.GNDR.XQ,3.318181818,3.333333333,3.363636364,3.363636364,3.363636364,3.363636364,3.307692308,3.285714286,3.3,3.3,3.3,3.25,3.25,3.25,3.321428571,3.357142857,3.285714286
Europe & Central Asia (excluding high income),ECA,CPIA gender equality rating (1=low to 6=high),IQ.CPA.GNDR.XQ,4.1,4.1,4.3125,4.375,4.277777778,4.277777778,4.1875,4.25,4.1875,4,4.1,4.1,4.1,4.1,4.1,4.125,4.125
Europe & Central Asia,ECS,CPIA gender equality rating (1=low to 6=high),IQ.CPA.GNDR.XQ,4.1,4.1,4.3125,4.375,4.277777778,4.277777778,4.1875,4.25,4.1875,4,4.1,4.1,4.1,4.1,4.1,4.125,4.125
Ecuador,ECU,CPIA gender equality rating (1=low to 6=high),IQ.CPA.GNDR.XQ,,,,,,,,,,,,,,,,,
"Egypt, Arab Rep.",EGY,CPIA gender equality rating (1=low to 6=high),IQ.CPA.GNDR.XQ,,,,,,,,,,,,,,,,,
Euro area,EMU,CPIA gender equality rating (1=low to 6=high),IQ.CPA.GNDR.XQ,,,,,,,,,,,,,,,,,
Eritrea,ERI,CPIA gender equality rating (1=low to 6=high),IQ.CPA.GNDR.XQ,3.5,3.5,3.5,3.5,3.5,3.5,3.5,3.5,3.5,3.5,3,2.5,2.5,3,3,3,3
Spain,ESP,CPIA gender equality rating (1=low to 6=high),IQ.CPA.GNDR.XQ,,,,,,,,,,,,,,,,,
Estonia,EST,CPIA gender equality rating (1=low to 6=high),IQ.CPA.GNDR.XQ,,,,,,,,,,,,,,,,,
Ethiopia,ETH,CPIA gender equality rating (1=low to 6=high),IQ.CPA.GNDR.XQ,3,3,3,3,3,3,3,3,3,3,3,3,3,3.5,3.5,3.5,3
European Union,EUU,CPIA gender equality rating (1=low to 6=high),IQ.CPA.GNDR.XQ,,,,,,,,,,,,,,,,,
Fragile and conflict affected situations,FCS,CPIA gender equality rating (1=low to 6=high),IQ.CPA.GNDR.XQ,2.952380952,2.891304348,2.891304348,2.891304348,2.895833333,2.916666667,2.903846154,2.875,2.862068966,2.896551724,2.844827586,2.793103448,2.766666667,2.827586207,2.816666667,2.85,2.862068966
Finland,FIN,CPIA gender equality rating (1=low to 6=high),IQ.CPA.GNDR.XQ,,,,,,,,,,,,,,,,,
Fiji,FJI,CPIA gender equality rating (1=low to 6=high),IQ.CPA.GNDR.XQ,,,,,,,,,,,,,,,,4,4
France,FRA,CPIA gender equality rating (1=low to 6=high),IQ.CPA.GNDR.XQ,,,,,,,,,,,,,,,,,
Faroe Islands,FRO,CPIA gender equality rating (1=low to 6=high),IQ.CPA.GNDR.XQ,,,,,,,,,,,,,,,,,
"Micronesia, Fed. Sts.",FSM,CPIA gender equality rating (1=low to 6=high),IQ.CPA.GNDR.XQ,,,,,,,2.5,2.5,2.5,2.5,2.5,2.5,2.5,2.5,3,3,3
Gabon,GAB,CPIA gender equality rating (1=low to 6=high),IQ.CPA.GNDR.XQ,,,,,,,,,,,,,,,,,
United Kingdom,GBR,CPIA gender equality rating (1=low to 6=high),IQ.CPA.GNDR.XQ,,,,,,,,,,,,,,,,,
Georgia,GEO,CPIA gender equality rating (1=low to 6=high),IQ.CPA.GNDR.XQ,4.5,4.5,4.5,4.5,4.5,4.5,4.5,4.5,4.5,,,,,,,,
Ghana,GHA,CPIA gender equality rating (1=low to 6=high),IQ.CPA.GNDR.XQ,4,4,4,4,4,4,4,4,4,4,4,4,4,4,4,4,4
Gibraltar,GIB,CPIA gender equality rating (1=low to 6=high),IQ.CPA.GNDR.XQ,,,,,,,,,,,,,,,,,
Guinea,GIN,CPIA gender equality rating (1=low to 6=high),IQ.CPA.GNDR.XQ,4,3.5,3.5,3.5,3.5,3.5,3,3,3,3,3,3,3,3,3,3,3
"Gambia, The",GMB,CPIA gender equality rating (1=low to 6=high),IQ.CPA.GNDR.XQ,3.5,3.5,3.5,3.5,3.5,3.5,3.5,3.5,3.5,3.5,3.5,3.5,3.5,3.5,3.5,3.5,3.5
Guinea-Bissau,GNB,CPIA gender equality rating (1=low to 6=high),IQ.CPA.GNDR.XQ,3,2.5,2.5,2.5,2.5,2.5,2.5,2.5,2.5,2.5,2,2,2,2,2,2,2
Equatorial Guinea,GNQ,CPIA gender equality rating (1=low to 6=high),IQ.CPA.GNDR.XQ,,,,,,,,,,,,,,,,,
Greece,GRC,CPIA gender equality rating (1=low to 6=high),IQ.CPA.GNDR.XQ,,,,,,,,,,,,,,,,,
Grenada,GRD,CPIA gender equality rating (1=low to 6=high),IQ.CPA.GNDR.XQ,4.5,5,5,5,4.5,4.5,4,4,4,3.5,3.5,3.5,3.5,3.5,3.5,3.5,3.5
Greenland,GRL,CPIA gender equality rating (1=low to 6=high),IQ.CPA.GNDR.XQ,,,,,,,,,,,,,,,,,
Guatemala,GTM,CPIA gender equality rating (1=low to 6=high),IQ.CPA.GNDR.XQ,,,,,,,,,,,,,,,,,
Guam,GUM,CPIA gender equality rating (1=low to 6=high),IQ.CPA.GNDR.XQ,,,,,,,,,,,,,,,,,
Guyana,GUY,CPIA gender equality rating (1=low to 6=high),IQ.CPA.GNDR.XQ,3.5,4,4,4,4,3.5,3.5,3.5,3.5,3.5,3.5,3,3,3,3,3,3
High income,HIC,CPIA gender equality rating (1=low to 6=high),IQ.CPA.GNDR.XQ,,,,,,,,,,,,,,,,,
"Hong Kong SAR, China",HKG,CPIA gender equality rating (1=low to 6=high),IQ.CPA.GNDR.XQ,,,,,,,,,,,,,,,,,
Honduras,HND,CPIA gender equality rating (1=low to 6=high),IQ.CPA.GNDR.XQ,4,4,4,4,4,4,4,4,3.5,3.5,3.5,3.5,3.5,3.5,3.5,3.5,3.5
Heavily indebted poor countries (HIPC),HPC,CPIA gender equality rating (1=low to 6=high),IQ.CPA.GNDR.XQ,3.277777778,3.22972973,3.256756757,3.243243243,3.210526316,3.223684211,3.210526316,3.197368421,3.184210526,3.184210526,3.171052632,3.094594595,3.052631579,3.121621622,3.105263158,3.131578947,3.175675676
Croatia,HRV,CPIA gender equality rating (1=low to 6=high),IQ.CPA.GNDR.XQ,,,,,,,,,,,,,,,,,
Haiti,HTI,CPIA gender equality rating (1=low to 6=high),IQ.CPA.GNDR.XQ,3,3,3,3,3,3,3,3,3,3,3,2.5,2.5,2.5,2.5,2.5,2.5
Hungary,HUN,CPIA gender equality rating (1=low to 6=high),IQ.CPA.GNDR.XQ,,,,,,,,,,,,,,,,,
IBRD only,IBD,CPIA gender equality rating (1=low to 6=high),IQ.CPA.GNDR.XQ,3.964285714,3.964285714,4.090909091,4.090909091,4.136363636,4.136363636,4.05,4.05,4,4.2,4.2,4.25,4.25,4.25,4.166666667,,
IDA & IBRD total,IBT,CPIA gender equality rating (1=low to 6=high),IQ.CPA.GNDR.XQ,3.473684211,3.442307692,3.433333333,3.433333333,3.428571429,3.435064935,3.397435897,3.36875,3.358024691,3.322368421,3.309210526,3.239726027,3.216216216,3.239726027,3.253333333,3.260273973,3.270833333
IDA total,IDA,CPIA gender equality rating (1=low to 6=high),IQ.CPA.GNDR.XQ,3.362903226,3.328125,3.3203125,3.3203125,3.310606061,3.318181818,3.301470588,3.271428571,3.267605634,3.26056338,3.246478873,3.211267606,3.1875,3.211267606,3.215277778,3.260273973,3.270833333
IDA blend,IDB,CPIA gender equality rating (1=low to 6=high),IQ.CPA.GNDR.XQ,3.5,3.428571429,3.357142857,3.357142857,3.321428571,3.321428571,3.392857143,3.321428571,3.321428571,3.357142857,3.321428571,3.321428571,3.357142857,3.357142857,3.357142857,3.433333333,3.433333333
Indonesia,IDN,CPIA gender equality rating (1=low to 6=high),IQ.CPA.GNDR.XQ,3.5,3.5,,,,,,,,,,,,,,,
IDA only,IDX,CPIA gender equality rating (1=low to 6=high),IQ.CPA.GNDR.XQ,3.326530612,3.3,3.31,3.31,3.307692308,3.317307692,3.277777778,3.258928571,3.254385965,3.236842105,3.228070175,3.184210526,3.146551724,3.175438596,3.181034483,3.215517241,3.228070175
Isle of Man,IMN,CPIA gender equality rating (1=low to 6=high),IQ.CPA.GNDR.XQ,,,,,,,,,,,,,,,,,
India,IND,CPIA gender equality rating (1=low to 6=high),IQ.CPA.GNDR.XQ,3.5,3.5,3.5,3.5,3.5,3.5,3,3,3,,,,,,,,
Not classified,INX,CPIA gender equality rating (1=low to 6=high),IQ.CPA.GNDR.XQ,,,,,,,,,,,,,,,,,
Ireland,IRL,CPIA gender equality rating (1=low to 6=high),IQ.CPA.GNDR.XQ,,,,,,,,,,,,,,,,,
"Iran, Islamic Rep.",IRN,CPIA gender equality rating (1=low to 6=high),IQ.CPA.GNDR.XQ,,,,,,,,,,,,,,,,,
Iraq,IRQ,CPIA gender equality rating (1=low to 6=high),IQ.CPA.GNDR.XQ,,,,,,,,,,,,,,,,,
Iceland,ISL,CPIA gender equality rating (1=low to 6=high),IQ.CPA.GNDR.XQ,,,,,,,,,,,,,,,,,
Israel,ISR,CPIA gender equality rating (1=low to 6=high),IQ.CPA.GNDR.XQ,,,,,,,,,,,,,,,,,
Italy,ITA,CPIA gender equality rating (1=low to 6=high),IQ.CPA.GNDR.XQ,,,,,,,,,,,,,,,,,
Jamaica,JAM,CPIA gender equality rating (1=low to 6=high),IQ.CPA.GNDR.XQ,,,,,,,,,,,,,,,,,
Jordan,JOR,CPIA gender equality rating (1=low to 6=high),IQ.CPA.GNDR.XQ,,,,,,,,,,,,,,,,,
Japan,JPN,CPIA gender equality rating (1=low to 6=high),IQ.CPA.GNDR.XQ,,,,,,,,,,,,,,,,,
Kazakhstan,KAZ,CPIA gender equality rating (1=low to 6=high),IQ.CPA.GNDR.XQ,,,,,,,,,,,,,,,,,
Kenya,KEN,CPIA gender equality rating (1=low to 6=high),IQ.CPA.GNDR.XQ,3,3,3,3,3,3.5,3.5,3.5,3.5,3.5,3.5,3.5,3.5,3.5,3.5,3.5,3.5
Kyrgyz Republic,KGZ,CPIA gender equality rating (1=low to 6=high),IQ.CPA.GNDR.XQ,4,4.5,4.5,4.5,4.5,4.5,4.5,4.5,4.5,4,4.5,4.5,4.5,4.5,4.5,4.5,4.5
Cambodia,KHM,CPIA gender equality rating (1=low to 6=high),IQ.CPA.GNDR.XQ,3.5,4,4,4,4,4,4,4,4,4,4,4,4,4,4,4,4
Kiribati,KIR,CPIA gender equality rating (1=low to 6=high),IQ.CPA.GNDR.XQ,3,3,3,2.5,2.5,2.5,2.5,2.5,2.5,2.5,2.5,2.5,2.5,2.5,3,3.5,3
St. Kitts and Nevis,KNA,CPIA gender equality rating (1=low to 6=high),IQ.CPA.GNDR.XQ,,,,,,,,,,,,,,,,,
"Korea, Rep.",KOR,CPIA gender equality rating (1=low to 6=high),IQ.CPA.GNDR.XQ,,,,,,,,,,,,,,,,,
Kuwait,KWT,CPIA gender equality rating (1=low to 6=high),IQ.CPA.GNDR.XQ,,,,,,,,,,,,,,,,,
Latin America & Caribbean (excluding high income),LAC,CPIA gender equality rating (1=low to 6=high),IQ.CPA.GNDR.XQ,4,4,3.833333333,3.833333333,3.777777778,3.666666667,3.722222222,3.611111111,3.555555556,3.5,3.5,3.3125,3.375,3.375,3.375,3.375,3.375
Lao PDR,LAO,CPIA gender equality rating (1=low to 6=high),IQ.CPA.GNDR.XQ,3.5,3.5,3.5,3.5,3.5,3.5,3.5,3.5,4,4,4,4,4,4,4,4,4
Lebanon,LBN,CPIA gender equality rating (1=low to 6=high),IQ.CPA.GNDR.XQ,,,,,,,,,,,,,,,,,
Liberia,LBR,CPIA gender equality rating (1=low to 6=high),IQ.CPA.GNDR.XQ,,,,,2.5,2.5,3,3,3,3,3,3,3,3,3,3,3
Libya,LBY,CPIA gender equality rating (1=low to 6=high),IQ.CPA.GNDR.XQ,,,,,,,,,,,,,,,,,
St. Lucia,LCA,CPIA gender equality rating (1=low to 6=high),IQ.CPA.GNDR.XQ,4.5,4,3.5,3.5,3.5,3.5,3.5,3.5,3.5,3.5,3.5,3.5,4,4,4,4,4
Latin America & Caribbean,LCN,CPIA gender equality rating (1=low to 6=high),IQ.CPA.GNDR.XQ,4,4,3.833333333,3.833333333,3.777777778,3.666666667,3.722222222,3.611111111,3.555555556,3.5,3.5,3.3125,3.375,3.375,3.375,3.375,3.375
Least developed countries: UN classification,LDC,CPIA gender equality rating (1=low to 6=high),IQ.CPA.GNDR.XQ,3.256410256,3.207317073,3.231707317,3.207317073,3.214285714,3.238095238,3.202380952,3.159090909,3.155555556,3.159090909,3.136363636,3.090909091,3.044444444,3.079545455,3.077777778,3.122222222,3.125
Low income,LIC,CPIA gender equality rating (1=low to 6=high),IQ.CPA.GNDR.XQ,3.159090909,3.065217391,3.065217391,3.065217391,3.020833333,3.0625,3.041666667,3,2.98,2.98,2.94,2.88,2.846153846,2.92,2.903846154,2.942307692,2.98
Liechtenstein,LIE,CPIA gender equality rating (1=low to 6=high),IQ.CPA.GNDR.XQ,,,,,,,,,,,,,,,,,
Sri Lanka,LKA,CPIA gender equality rating (1=low to 6=high),IQ.CPA.GNDR.XQ,4,4,4,4,4,4,4,4,4,4,4,,,,4,,
Lower middle income,LMC,CPIA gender equality rating (1=low to 6=high),IQ.CPA.GNDR.XQ,3.4125,3.426829268,3.45,3.4375,3.475,3.4875,3.475609756,3.463414634,3.464285714,3.5,3.5,3.445945946,3.418918919,3.405405405,3.447368421,3.458333333,3.444444444
Low & middle income,LMY,CPIA gender equality rating (1=low to 6=high),IQ.CPA.GNDR.XQ,3.473684211,3.442307692,3.433333333,3.433333333,3.428571429,3.435064935,3.397435897,3.36875,3.358024691,3.322368421,3.309210526,3.239726027,3.216216216,3.239726027,3.253333333,3.260273973,3.270833333
Lesotho,LSO,CPIA gender equality rating (1=low to 6=high),IQ.CPA.GNDR.XQ,4,4,4,4,4,4,4,4,4,4,4,4,4,4,4,4,4
Late-demographic dividend,LTE,CPIA gender equality rating (1=low to 6=high),IQ.CPA.GNDR.XQ,4.192307692,4.153846154,4.181818182,4.181818182,4.181818182,4.136363636,4.15,4.15,4.1,3.9375,4,3.833333333,3.916666667,3.916666667,3.928571429,3.8,3.8
Lithuania,LTU,CPIA gender equality rating (1=low to 6=high),IQ.CPA.GNDR.XQ,,,,,,,,,,,,,,,,,
Luxembourg,LUX,CPIA gender equality rating (1=low to 6=high),IQ.CPA.GNDR.XQ,,,,,,,,,,,,,,,,,
Latvia,LVA,CPIA gender equality rating (1=low to 6=high),IQ.CPA.GNDR.XQ,,,,,,,,,,,,,,,,,
"Macao SAR, China",MAC,CPIA gender equality rating (1=low to 6=high),IQ.CPA.GNDR.XQ,,,,,,,,,,,,,,,,,
St. Martin (French part),MAF,CPIA gender equality rating (1=low to 6=high),IQ.CPA.GNDR.XQ,,,,,,,,,,,,,,,,,
Morocco,MAR,CPIA gender equality rating (1=low to 6=high),IQ.CPA.GNDR.XQ,,,,,,,,,,,,,,,,,
Monaco,MCO,CPIA gender equality rating (1=low to 6=high),IQ.CPA.GNDR.XQ,,,,,,,,,,,,,,,,,
Moldova,MDA,CPIA gender equality rating (1=low to 6=high),IQ.CPA.GNDR.XQ,4.5,5,5,5,5,5,5,5,4.5,4.5,4.5,4.5,4.5,4.5,4.5,,
Madagascar,MDG,CPIA gender equality rating (1=low to 6=high),IQ.CPA.GNDR.XQ,3.5,3.5,3.5,3.5,3.5,3.5,3.5,3.5,3.5,3.5,4,4,4,4,4,4,4
Maldives,MDV,CPIA gender equality rating (1=low to 6=high),IQ.CPA.GNDR.XQ,4,4,4,4,4,4,4,4.5,4.5,4,4,3.5,3.5,3.5,3.5,3.5,3.5
Middle East & North Africa,MEA,CPIA gender equality rating (1=low to 6=high),IQ.CPA.GNDR.XQ,2.75,2.75,2.25,2.25,2.5,2.5,2.5,2.5,2.5,2.5,2.25,2.25,2.25,2.25,2.25,2.5,2.5
Mexico,MEX,CPIA gender equality rating (1=low to 6=high),IQ.CPA.GNDR.XQ,,,,,,,,,,,,,,,,,
Marshall Islands,MHL,CPIA gender equality rating (1=low to 6=high),IQ.CPA.GNDR.XQ,,,,,,,3,3,3,3,3,3,3,3,3,3,3
Middle income,MIC,CPIA gender equality rating (1=low to 6=high),IQ.CPA.GNDR.XQ,3.601851852,3.6,3.596153846,3.596153846,3.613207547,3.603773585,3.555555556,3.536363636,3.526785714,3.490196078,3.490196078,3.427083333,3.416666667,3.40625,3.43877551,3.436170213,3.425531915
North Macedonia,MKD,CPIA gender equality rating (1=low to 6=high),IQ.CPA.GNDR.XQ,,,,,,,,,,,,,,,,,
Mali,MLI,CPIA gender equality rating (1=low to 6=high),IQ.CPA.GNDR.XQ,3.5,3.5,3.5,3.5,3.5,3.5,3.5,3,3,3,2.5,2.5,2.5,2.5,2.5,3,3
Malta,MLT,CPIA gender equality rating (1=low to 6=high),IQ.CPA.GNDR.XQ,,,,,,,,,,,,,,,,,
Myanmar,MMR,CPIA gender equality rating (1=low to 6=high),IQ.CPA.GNDR.XQ,,,,,,,,,3,3,3,3,3,3,3,3,2.5
Middle East & North Africa (excluding high income),MNA,CPIA gender equality rating (1=low to 6=high),IQ.CPA.GNDR.XQ,2.75,2.75,2.25,2.25,2.5,2.5,2.5,2.5,2.5,2.5,2.25,2.25,2.25,2.25,2.25,2.5,2.5
Montenegro,MNE,CPIA gender equality rating (1=low to 6=high),IQ.CPA.GNDR.XQ,,,,,,,,,,,,,,,,,
Mongolia,MNG,CPIA gender equality rating (1=low to 6=high),IQ.CPA.GNDR.XQ,3.5,3.5,3.5,3.5,3.5,3.5,4,4,4,4,4,4,4,4,4,,
Northern Mariana Islands,MNP,CPIA gender equality rating (1=low to 6=high),IQ.CPA.GNDR.XQ,,,,,,,,,,,,,,,,,
Mozambique,MOZ,CPIA gender equality rating (1=low to 6=high),IQ.CPA.GNDR.XQ,3.5,3.5,3.5,3.5,3.5,3.5,3.5,3.5,3.5,3.5,3.5,3.5,3.5,3.5,3.5,3.5,3.5
Mauritania,MRT,CPIA gender equality rating (1=low to 6=high),IQ.CPA.GNDR.XQ,3.5,3.5,4,4,4,4,4,4,4,4,3.5,3.5,3.5,3.5,3.5,3.5,3.5
Mauritius,MUS,CPIA gender equality rating (1=low to 6=high),IQ.CPA.GNDR.XQ,,,,,,,,,,,,,,,,,
Malawi,MWI,CPIA gender equality rating (1=low to 6=high),IQ.CPA.GNDR.XQ,3.5,3.5,3.5,3.5,3.5,3.5,3.5,3.5,3.5,3.5,3.5,3.5,3.5,3.5,3.5,3.5,3.5
Malaysia,MYS,CPIA gender equality rating (1=low to 6=high),IQ.CPA.GNDR.XQ,,,,,,,,,,,,,,,,,
North America,NAC,CPIA gender equality rating (1=low to 6=high),IQ.CPA.GNDR.XQ,,,,,,,,,,,,,,,,,
Namibia,NAM,CPIA gender equality rating (1=low to 6=high),IQ.CPA.GNDR.XQ,,,,,,,,,,,,,,,,,
New Caledonia,NCL,CPIA gender equality rating (1=low to 6=high),IQ.CPA.GNDR.XQ,,,,,,,,,,,,,,,,,
Niger,NER,CPIA gender equality rating (1=low to 6=high),IQ.CPA.GNDR.XQ,2.5,2.5,2.5,2.5,2.5,2.5,2.5,2.5,2.5,2.5,2.5,2.5,2.5,2.5,2.5,3,3
Nigeria,NGA,CPIA gender equality rating (1=low to 6=high),IQ.CPA.GNDR.XQ,3,3,3,3,3,3,3,3,3,3,3,3,3,3,3,3,3
Nicaragua,NIC,CPIA gender equality rating (1=low to 6=high),IQ.CPA.GNDR.XQ,4,3.5,3.5,3.5,3.5,3.5,4,4,4,4,4,4,4,4,4,4,4
Netherlands,NLD,CPIA gender equality rating (1=low to 6=high),IQ.CPA.GNDR.XQ,,,,,,,,,,,,,,,,,
Norway,NOR,CPIA gender equality rating (1=low to 6=high),IQ.CPA.GNDR.XQ,,,,,,,,,,,,,,,,,
Nepal,NPL,CPIA gender equality rating (1=low to 6=high),IQ.CPA.GNDR.XQ,3,3.5,3.5,3.5,4,4,4,4,4,4,4,4,4,3.5,3.5,3.5,3.5
Nauru,NRU,CPIA gender equality rating (1=low to 6=high),IQ.CPA.GNDR.XQ,,,,,,,,,,,,,,,,,
New Zealand,NZL,CPIA gender equality rating (1=low to 6=high),IQ.CPA.GNDR.XQ,,,,,,,,,,,,,,,,,
OECD members,OED,CPIA gender equality rating (1=low to 6=high),IQ.CPA.GNDR.XQ,,,,,,,,,,,,,,,,,
Oman,OMN,CPIA gender equality rating (1=low to 6=high),IQ.CPA.GNDR.XQ,,,,,,,,,,,,,,,,,
Other small states,OSS,CPIA gender equality rating (1=low to 6=high),IQ.CPA.GNDR.XQ,3.611111111,3.45,3.45,3.45,3.5,3.5,3.45,3.5,3.5,3.45,3.4,3.35,3.35,3.35,3.35,3.4,3.4
Pakistan,PAK,CPIA gender equality rating (1=low to 6=high),IQ.CPA.GNDR.XQ,2,2,2,2,2,2,2.5,2.5,2.5,2.5,2.5,2.5,2.5,2.5,2.5,2.5,2.5
Panama,PAN,CPIA gender equality rating (1=low to 6=high),IQ.CPA.GNDR.XQ,,,,,,,,,,,,,,,,,
Peru,PER,CPIA gender equality rating (1=low to 6=high),IQ.CPA.GNDR.XQ,,,,,,,,,,,,,,,,,
Philippines,PHL,CPIA gender equality rating (1=low to 6=high),IQ.CPA.GNDR.XQ,,,,,,,,,,,,,,,,,
Palau,PLW,CPIA gender equality rating (1=low to 6=high),IQ.CPA.GNDR.XQ,,,,,,,,,,,,,,,,,
Papua New Guinea,PNG,CPIA gender equality rating (1=low to 6=high),IQ.CPA.GNDR.XQ,2.5,2.5,2.5,2.5,2.5,2.5,2.5,2.5,2.5,2.5,2.5,2.5,2.5,2.5,2.5,2.5,2.5
Poland,POL,CPIA gender equality rating (1=low to 6=high),IQ.CPA.GNDR.XQ,,,,,,,,,,,,,,,,,
Pre-demographic dividend,PRE,CPIA gender equality rating (1=low to 6=high),IQ.CPA.GNDR.XQ,3.183333333,3.109375,3.15625,3.140625,3.121212121,3.151515152,3.121212121,3.073529412,3.073529412,3.075757576,3.045454545,3,2.955882353,3,2.985294118,3.014705882,3.075757576
Puerto Rico,PRI,CPIA gender equality rating (1=low to 6=high),IQ.CPA.GNDR.XQ,,,,,,,,,,,,,,,,,
"Korea, Dem. People's Rep.",PRK,CPIA gender equality rating (1=low to 6=high),IQ.CPA.GNDR.XQ,,,,,,,,,,,,,,,,,
Portugal,PRT,CPIA gender equality rating (1=low to 6=high),IQ.CPA.GNDR.XQ,,,,,,,,,,,,,,,,,
Paraguay,PRY,CPIA gender equality rating (1=low to 6=high),IQ.CPA.GNDR.XQ,,,,,,,,,,,,,,,,,
West Bank and Gaza,PSE,CPIA gender equality rating (1=low to 6=high),IQ.CPA.GNDR.XQ,,,,,,,,,,,,,,,,,
Pacific island small states,PSS,CPIA gender equality rating (1=low to 6=high),IQ.CPA.GNDR.XQ,3.1,3.1,3.1,3.1,3.1,3.1,3,3,3,3,3,3.0625,3.0625,3.0625,3.1875,3.333333333,3.277777778
Post-demographic dividend,PST,CPIA gender equality rating (1=low to 6=high),IQ.CPA.GNDR.XQ,4,4.5,4.5,4.5,4.5,4.5,4,4,4,,,,,,,,
French Polynesia,PYF,CPIA gender equality rating (1=low to 6=high),IQ.CPA.GNDR.XQ,,,,,,,,,,,,,,,,,
Qatar,QAT,CPIA gender equality rating (1=low to 6=high),IQ.CPA.GNDR.XQ,,,,,,,,,,,,,,,,,
Romania,ROU,CPIA gender equality rating (1=low to 6=high),IQ.CPA.GNDR.XQ,,,,,,,,,,,,,,,,,
Russian Federation,RUS,CPIA gender equality rating (1=low to 6=high),IQ.CPA.GNDR.XQ,,,,,,,,,,,,,,,,,
Rwanda,RWA,CPIA gender equality rating (1=low to 6=high),IQ.CPA.GNDR.XQ,3.5,3.5,3.5,3.5,3.5,4,4,4,4,4,4.5,4.5,4.5,4.5,4.5,4.5,4.5
South Asia,SAS,CPIA gender equality rating (1=low to 6=high),IQ.CPA.GNDR.XQ,3.571428571,3.375,3.375,3.375,3.4375,3.4375,3.375,3.4375,3.375,3.357142857,3.357142857,3.166666667,3.083333333,3,3.142857143,3,3.3
Saudi Arabia,SAU,CPIA gender equality rating (1=low to 6=high),IQ.CPA.GNDR.XQ,,,,,,,,,,,,,,,,,
Sudan,SDN,CPIA gender equality rating (1=low to 6=high),IQ.CPA.GNDR.XQ,2,2,2,2,2,2.5,2.5,2.5,2.5,2.5,2.5,2.5,2.5,2.5,2.5,2.5,2.5
Senegal,SEN,CPIA gender equality rating (1=low to 6=high),IQ.CPA.GNDR.XQ,3.5,3.5,3.5,3.5,3.5,3.5,3.5,3.5,3.5,3.5,3.5,3.5,3.5,3.5,3.5,3.5,3.5
Singapore,SGP,CPIA gender equality rating (1=low to 6=high),IQ.CPA.GNDR.XQ,,,,,,,,,,,,,,,,,
Solomon Islands,SLB,CPIA gender equality rating (1=low to 6=high),IQ.CPA.GNDR.XQ,3,3,3,3,3,3,3,3,3,3,3,3,3,3,3,3,3
Sierra Leone,SLE,CPIA gender equality rating (1=low to 6=high),IQ.CPA.GNDR.XQ,3,3,3,3,3,3,3,3,3,3,3,3,3,3,3,3,3
El Salvador,SLV,CPIA gender equality rating (1=low to 6=high),IQ.CPA.GNDR.XQ,,,,,,,,,,,,,,,,,
San Marino,SMR,CPIA gender equality rating (1=low to 6=high),IQ.CPA.GNDR.XQ,,,,,,,,,,,,,,,,,
Somalia,SOM,CPIA gender equality rating (1=low to 6=high),IQ.CPA.GNDR.XQ,,,,,,,,,,,,,2,,2,2,2
Serbia,SRB,CPIA gender equality rating (1=low to 6=high),IQ.CPA.GNDR.XQ,4.5,3,,,,,,,,,,,,,,,
Sub-Saharan Africa (excluding high income),SSA,CPIA gender equality rating (1=low to 6=high),IQ.CPA.GNDR.XQ,3.243243243,3.216216216,3.243243243,3.22972973,3.210526316,3.25,3.236842105,3.192307692,3.205128205,3.236842105,3.210526316,3.171052632,3.128205128,3.184210526,3.166666667,3.192307692,3.192307692
South Sudan,SSD,CPIA gender equality rating (1=low to 6=high),IQ.CPA.GNDR.XQ,,,,,,,,2.5,2.5,2.5,2.5,2,2,1.5,1.5,1.5,1.5
Sub-Saharan Africa,SSF,CPIA gender equality rating (1=low to 6=high),IQ.CPA.GNDR.XQ,3.243243243,3.216216216,3.243243243,3.22972973,3.210526316,3.25,3.236842105,3.192307692,3.205128205,3.236842105,3.210526316,3.171052632,3.128205128,3.184210526,3.166666667,3.192307692,3.192307692
Small states,SST,CPIA gender equality rating (1=low to 6=high),IQ.CPA.GNDR.XQ,3.657894737,3.575,3.5,3.5,3.5,3.45,3.363636364,3.326086957,3.326086957,3.282608696,3.260869565,3.239130435,3.260869565,3.260869565,3.304347826,3.375,3.354166667
Sao Tome and Principe,STP,CPIA gender equality rating (1=low to 6=high),IQ.CPA.GNDR.XQ,3,3,3,3,3,3,3,3,3,3,3,3,3,3,3,3,3
Suriname,SUR,CPIA gender equality rating (1=low to 6=high),IQ.CPA.GNDR.XQ,,,,,,,,,,,,,,,,,
Slovak Republic,SVK,CPIA gender equality rating (1=low to 6=high),IQ.CPA.GNDR.XQ,,,,,,,,,,,,,,,,,
Slovenia,SVN,CPIA gender equality rating (1=low to 6=high),IQ.CPA.GNDR.XQ,,,,,,,,,,,,,,,,,
Sweden,SWE,CPIA gender equality rating (1=low to 6=high),IQ.CPA.GNDR.XQ,,,,,,,,,,,,,,,,,
Eswatini,SWZ,CPIA gender equality rating (1=low to 6=high),IQ.CPA.GNDR.XQ,,,,,,,,,,,,,,,,,
Sint Maarten (Dutch part),SXM,CPIA gender equality rating (1=low to 6=high),IQ.CPA.GNDR.XQ,,,,,,,,,,,,,,,,,
Seychelles,SYC,CPIA gender equality rating (1=low to 6=high),IQ.CPA.GNDR.XQ,,,,,,,,,,,,,,,,,
Syrian Arab Republic,SYR,CPIA gender equality rating (1=low to 6=high),IQ.CPA.GNDR.XQ,,,,,,,,,,,,,,,,,
Turks and Caicos Islands,TCA,CPIA gender equality rating (1=low to 6=high),IQ.CPA.GNDR.XQ,,,,,,,,,,,,,,,,,
Chad,TCD,CPIA gender equality rating (1=low to 6=high),IQ.CPA.GNDR.XQ,2.5,2.5,2.5,2.5,2.5,2.5,2.5,2.5,2.5,2.5,2.5,2.5,2.5,2.5,2.5,2.5,2.5
East Asia & Pacific (IDA & IBRD countries),TEA,CPIA gender equality rating (1=low to 6=high),IQ.CPA.GNDR.XQ,3.318181818,3.333333333,3.363636364,3.363636364,3.363636364,3.363636364,3.307692308,3.285714286,3.3,3.3,3.3,3.25,3.25,3.25,3.321428571,3.357142857,3.285714286
Europe & Central Asia (IDA & IBRD countries),TEC,CPIA gender equality rating (1=low to 6=high),IQ.CPA.GNDR.XQ,4.1,4.1,4.3125,4.375,4.277777778,4.277777778,4.1875,4.25,4.1875,4,4.1,4.1,4.1,4.1,4.1,4.125,4.125
Togo,TGO,CPIA gender equality rating (1=low to 6=high),IQ.CPA.GNDR.XQ,3,3,3,3,3,3,3,3,3,3,3,3,3,3,3.5,3.5,3.5
Thailand,THA,CPIA gender equality rating (1=low to 6=high),IQ.CPA.GNDR.XQ,,,,,,,,,,,,,,,,,
Tajikistan,TJK,CPIA gender equality rating (1=low to 6=high),IQ.CPA.GNDR.XQ,3.5,3.5,3.5,4,4,4,4,4,4,4,4,4,4,4,4,4,4
Turkmenistan,TKM,CPIA gender equality rating (1=low to 6=high),IQ.CPA.GNDR.XQ,,,,,,,,,,,,,,,,,
Latin America & the Caribbean (IDA & IBRD countries),TLA,CPIA gender equality rating (1=low to 6=high),IQ.CPA.GNDR.XQ,4,4,3.833333333,3.833333333,3.777777778,3.666666667,3.722222222,3.611111111,3.555555556,3.5,3.5,3.3125,3.375,3.375,3.375,3.375,3.375
Timor-Leste,TLS,CPIA gender equality rating (1=low to 6=high),IQ.CPA.GNDR.XQ,,3,3.5,3.5,3.5,3.5,3.5,3.5,3.5,3.5,3.5,3.5,3.5,3.5,3.5,3.5,3.5
Middle East & North Africa (IDA & IBRD countries),TMN,CPIA gender equality rating (1=low to 6=high),IQ.CPA.GNDR.XQ,2.75,2.75,2.25,2.25,2.5,2.5,2.5,2.5,2.5,2.5,2.25,2.25,2.25,2.25,2.25,2.5,2.5
Tonga,TON,CPIA gender equality rating (1=low to 6=high),IQ.CPA.GNDR.XQ,2.5,2.5,2.5,3,3,3,3,3,3,3,3,3,3,3,3,3,3
South Asia (IDA & IBRD),TSA,CPIA gender equality rating (1=low to 6=high),IQ.CPA.GNDR.XQ,3.571428571,3.375,3.375,3.375,3.4375,3.4375,3.375,3.4375,3.375,3.357142857,3.357142857,3.166666667,3.083333333,3,3.142857143,3,3.3
Sub-Saharan Africa (IDA & IBRD countries),TSS,CPIA gender equality rating (1=low to 6=high),IQ.CPA.GNDR.XQ,3.243243243,3.216216216,3.243243243,3.22972973,3.210526316,3.25,3.236842105,3.192307692,3.205128205,3.236842105,3.210526316,3.171052632,3.128205128,3.184210526,3.166666667,3.192307692,3.192307692
Trinidad and Tobago,TTO,CPIA gender equality rating (1=low to 6=high),IQ.CPA.GNDR.XQ,,,,,,,,,,,,,,,,,
Tunisia,TUN,CPIA gender equality rating (1=low to 6=high),IQ.CPA.GNDR.XQ,,,,,,,,,,,,,,,,,
Turkiye,TUR,CPIA gender equality rating (1=low to 6=high),IQ.CPA.GNDR.XQ,,,,,,,,,,,,,,,,,
Tuvalu,TUV,CPIA gender equality rating (1=low to 6=high),IQ.CPA.GNDR.XQ,,,,,,,,3,3,3,3,3,3,3,3,3,3
Tanzania,TZA,CPIA gender equality rating (1=low to 6=high),IQ.CPA.GNDR.XQ,4,4,4,3.5,3.5,3.5,3.5,3.5,3.5,3.5,3.5,3.5,3,3,3,3,3
Uganda,UGA,CPIA gender equality rating (1=low to 6=high),IQ.CPA.GNDR.XQ,3.5,3.5,3.5,3.5,3.5,3.5,3.5,3.5,3.5,3.5,3.5,3,3,3,3,3,3
Ukraine,UKR,CPIA gender equality rating (1=low to 6=high),IQ.CPA.GNDR.XQ,,,,,,,,,,,,,,,,,
Upper middle income,UMC,CPIA gender equality rating (1=low to 6=high),IQ.CPA.GNDR.XQ,4.142857143,4.107142857,4.083333333,4.125,4.038461538,3.961538462,3.807692308,3.75,3.714285714,3.454545455,3.454545455,3.363636364,3.409090909,3.409090909,3.409090909,3.363636364,3.363636364
Uruguay,URY,CPIA gender equality rating (1=low to 6=high),IQ.CPA.GNDR.XQ,,,,,,,,,,,,,,,,,
United States,USA,CPIA gender equality rating (1=low to 6=high),IQ.CPA.GNDR.XQ,,,,,,,,,,,,,,,,,
Uzbekistan,UZB,CPIA gender equality rating (1=low to 6=high),IQ.CPA.GNDR.XQ,3.5,3.5,4,4,4,4,4,4,4,4,4,4,4,4,4,4.5,4.5
St. Vincent and the Grenadines,VCT,CPIA gender equality rating (1=low to 6=high),IQ.CPA.GNDR.XQ,4.5,4.5,4,4,4,4,4,3.5,3.5,3.5,3.5,3.5,3.5,3.5,3.5,3.5,3.5
"Venezuela, RB",VEN,CPIA gender equality rating (1=low to 6=high),IQ.CPA.GNDR.XQ,,,,,,,,,,,,,,,,,
British Virgin Islands,VGB,CPIA gender equality rating (1=low to 6=high),IQ.CPA.GNDR.XQ,,,,,,,,,,,,,,,,,
Virgin Islands (U.S.),VIR,CPIA gender equality rating (1=low to 6=high),IQ.CPA.GNDR.XQ,,,,,,,,,,,,,,,,,
Vietnam,VNM,CPIA gender equality rating (1=low to 6=high),IQ.CPA.GNDR.XQ,4.5,4.5,4.5,4.5,4.5,4.5,4.5,4.5,4.5,4.5,4.5,,,,,,
Vanuatu,VUT,CPIA gender equality rating (1=low to 6=high),IQ.CPA.GNDR.XQ,3,3,3.5,3.5,3.5,3.5,3.5,3.5,3.5,3.5,3.5,3.5,3.5,3.5,3.5,3.5,3.5
World,WLD,CPIA gender equality rating (1=low to 6=high),IQ.CPA.GNDR.XQ,3.473684211,3.442307692,3.433333333,3.433333333,3.428571429,3.435064935,3.397435897,3.36875,3.358024691,3.322368421,3.309210526,3.239726027,3.216216216,3.239726027,3.253333333,3.260273973,3.270833333
Samoa,WSM,CPIA gender equality rating (1=low to 6=high),IQ.CPA.GNDR.XQ,4,4,3.5,3.5,3.5,3.5,3.5,3.5,3.5,3.5,3.5,4,4,4,4,4,4
Kosovo,XKX,CPIA gender equality rating (1=low to 6=high),IQ.CPA.GNDR.XQ,,,,,3.5,3.5,3.5,3.5,3.5,3.5,3.5,3.5,3.5,3.5,3.5,3.5,3.5
"Yemen, Rep.",YEM,CPIA gender equality rating (1=low to 6=high),IQ.CPA.GNDR.XQ,2.5,2.5,2,2,2,2,2,2,2,2,1.5,1.5,1.5,1.5,1.5,1.5,1.5
South Africa,ZAF,CPIA gender equality rating (1=low to 6=high),IQ.CPA.GNDR.XQ,,,,,,,,,,,,,,,,,
Zambia,ZMB,CPIA gender equality rating (1=low to 6=high),IQ.CPA.GNDR.XQ,3.5,3.5,3.5,3.5,3.5,3.5,3,3,3,3,3,3,3,3,3,3,3
Zimbabwe,ZWE,CPIA gender equality rating (1=low to 6=high),IQ.CPA.GNDR.XQ,2.5,2.5,2.5,2.5,2.5,2.5,3,3,3,4,4,4,4,4,4,4,4
